ph3_redcap_id,WALKTIME_LII,WLKMOTTIME_LIII
1,1.6762021780014038,13.216357231140137
2,4.890927314758301,16.74675941467285
3,8.013627052307129,14.699098587036133
4,8.5722503662109375,16.402639389038086
5,5.5819993019104,14.041661262512207
6,4.737308025360107,14.7296781539917
7,3.955493927001953,14.27543830871582
8,2.6843457221984863,14.22241497039795
9,2.6843457221984863,14.22241497039795
10,3.6009082794189453,15.456742286682129
11,1.6762021780014038,13.216357231140137
12,4.890927314758301,16.74675941467285
13,8.013627052307129,14.699098587036133
14,8.5722503662109375,16.402639389038086
15,5.5819993019104,14.041661262512207
16,4.737308025360107,14.7296781539917
17,3.955493927001953,14.27543830871582
18,2.6843457221984863,14.22241497039795
19,2.6843457221984863,14.22241497039795
20,3.6009082794189453,15.456742286682129
21,1.6762021780014038,13.216357231140137
22,4.890927314758301,16.74675941467285
23,7.8748931884765625,14.816433906555176
24,8.78985595703125,16.333938598632812
25,7.474555492401123,15.638703346252441
26,5.370492935180664,13.906411170959473
27,3.955493927001953,14.27543830871582
28,2.8158481121063232,14.206452369689941
29,2.9951624870300293,14.837480545043945
30,2.4506237506866455,14.346819877624512
31,5.225831031799316,11.989778518676758
32,5.160911560058594,12.21259880065918
33,5.160911560058594,12.21259880065918
34,4.908313274383545,12.335977554321289
35,4.529111385345459,12.976181030273438
36,5.954994201660156,12.644546508789062
37,2.4909181594848633,14.309432029724121
38,1.8377110958099365,12.614355087280273
39,2.4281461238861084,13.262511253356934
40,3.7005820274353027,13.44439697265625
41,3.5760138034820557,12.147913932800293
42,5.656296253204346,12.206111907958984
43,10.291033744812012,15.078399658203125
44,1.656125783920288,13.43212890625
45,1.3541144132614136,13.687055587768555
46,0.9313105940818787,13.729625701904297
47,6.91849946975708,14.336833000183105
48,5.370492935180664,13.906411170959473
49,5.005377769470215,14.12851333618164
50,4.185150146484375,14.738984107971191
51,3.239224672317505,13.576848983764648
52,2.3103678226470947,13.215209007263184
53,1.9818929433822632,13.31479263305664
54,4.081831455230713,13.753193855285645
55,5.668262481689453,11.8536958694458
56,5.092703819274902,12.496088027954102
57,5.676632881164551,12.512676239013672
58,5.860426425933838,12.900074005126953
59,3.0109498500823975,14.656063079833984
60,4.875372886657715,15.036083221435547
61,3.4400031566619873,12.885122299194336
62,5.8953375816345215,12.328627586364746
63,8.935281753540039,17.62837791442871
64,1.2569941282272339,0.48771047592163086
65,4.9604034423828125,14.94954776763916
66,5.102745056152344,13.99142074584961
67,4.592685699462891,14.904566764831543
68,4.752471923828125,16.45965576171875
69,8.107688903808594,13.5055570602417
70,7.9254350662231445,14.486577987670898
71,7.254385471343994,16.839794158935547
72,2.156726121902466,11.736113548278809
73,3.431121826171875,12.840837478637695
74,3.8379437923431396,12.355030059814453
75,4.117931365966797,12.845320701599121
76,2.9635722637176514,11.202857971191406
77,2.9635722637176514,11.202857971191406
78,3.3756580352783203,11.398733139038086
79,3.8948826789855957,11.163140296936035
80,4.5132832527160645,12.3853759765625
81,0.7390881180763245,11.46461296081543
82,2.8307104110717773,10.313514709472656
83,3.1984286308288574,10.405092239379883
84,3.1984286308288574,10.405092239379883
85,1.1191747188568115,10.688287734985352
86,0.5474581122398376,10.917156219482422
87,1.160321593284607,10.993640899658203
88,3.565713405609131,12.564899444580078
89,3.784276008605957,13.690056800842285
90,4.1679158210754395,14.181134223937988
91,7.100017070770264,14.420351028442383
92,7.478194236755371,15.040304183959961
93,7.73353385925293,9.336376190185547
94,0.3257671296596527,0.19676336646080017
95,0.3257671296596527,0.19676336646080017
96,14.453933715820312,11.814070701599121
97,12.96844482421875,11.186180114746094
98,12.359890937805176,9.211183547973633
99,11.608039855957031,11.04530143737793
100,11.843156814575195,10.820867538452148
101,3.8018760681152344,11.926236152648926
102,6.160696029663086,14.169428825378418
103,7.100017070770264,14.420351028442383
104,3.3217825889587402,11.826376914978027
105,3.2800605297088623,12.358859062194824
106,6.020532131195068,12.11577320098877
107,8.550065040588379,14.42563533782959
108,6.160696029663086,14.169428825378418
109,6.160696029663086,14.169428825378418
110,6.682713031768799,13.904052734375
111,4.884748458862305,13.133743286132812
112,8.550065040588379,14.42563533782959
113,2.209514856338501,11.595503807067871
114,1.5282832384109497,10.641035079956055
115,1.5282832384109497,10.641035079956055
116,1.8350809812545776,11.414472579956055
117,1.3292511701583862,10.752535820007324
118,4.637266159057617,13.931214332580566
119,4.073673725128174,13.367622375488281
120,6.130548477172852,11.947404861450195
121,5.690744400024414,11.782295227050781
122,5.8882293701171875,12.168212890625
123,6.734329700469971,12.300372123718262
124,6.6874918937683105,12.047935485839844
125,7.240306854248047,13.029953956604004
126,6.327760219573975,12.400242805480957
127,3.5674099922180176,11.854256629943848
135,0.3257671296596527,0.19676336646080017
136,6.307908058166504,9.73181438446045
137,4.461874008178711,10.199749946594238
138,4.755160808563232,11.856046676635742
139,6.311773300170898,12.15601921081543
140,7.689830780029297,12.321778297424316
141,7.8313822746276855,11.455318450927734
142,7.844938278198242,10.646749496459961
143,7.844938278198242,10.646749496459961
144,9.847604751586914,9.438516616821289
145,6.506939888000488,9.533415794372559
146,5.787875652313232,9.8399810791015625
147,3.8982815742492676,10.29960823059082
148,5.361306667327881,12.378011703491211
149,6.67949104309082,12.259665489196777
150,8.43154239654541,11.325321197509766
151,7.689830780029297,12.321778297424316
152,7.844938278198242,10.646749496459961
153,8.49314022064209,9.3826751708984375
154,1.8593063354492188,11.976969718933105
155,1.853697419166565,11.322728157043457
156,2.2033839225769043,11.803136825561523
157,4.044795989990234,11.450034141540527
159,2.2270243167877197,12.094655990600586
160,2.2033839225769043,11.803136825561523
161,3.78080153465271,11.809889793395996
162,3.932420253753662,11.568341255187988
163,5.876010894775391,11.830177307128906
164,6.058462619781494,12.002591133117676
165,6.104328632354736,12.22354507446289
166,6.244039058685303,11.955697059631348
167,7.649367809295654,13.361631393432617
168,6.327760219573975,12.400242805480957
169,3.2389349937438965,11.626630783081055
170,5.519431114196777,12.120601654052734
178,18.73893165588379,7.698344707489014
179,4.89039945602417,13.921916961669922
180,4.89039945602417,13.921916961669922
181,26.720727920532227,15.377299308776855
182,10.052607536315918,9.110041618347168
183,3.413083553314209,11.442171096801758
184,10.035429000854492,9.068059921264648
185,10.809700965881348,10.252067565917969
186,12.350567817687988,10.25486946105957
187,14.440570831298828,8.218936920166016
188,14.942215919494629,8.365817070007324
189,16.097074508666992,8.432480812072754
190,8.307877540588379,12.982336044311523
191,5.102745056152344,13.99142074584961
192,7.381655216217041,12.257575988769531
193,7.904991149902344,13.150880813598633
194,7.943725109100342,13.24276065826416
195,7.790646076202393,12.822856903076172
196,7.760931491851807,12.930743217468262
197,7.992772579193115,12.551966667175293
198,5.856931209564209,12.912900924682617
199,6.130548477172852,11.947404861450195
200,4.11693000793457,15.478050231933594
201,5.387099742889404,13.087017059326172
202,3.5398645401000977,15.145519256591797
203,8.307877540588379,12.982336044311523
204,7.943725109100342,13.24276065826416
205,7.930658340454102,12.570913314819336
206,8.119120597839355,13.014335632324219
207,2.3356456756591797,14.085700035095215
208,0.9634847640991211,12.939854621887207
209,1.1004027128219604,13.032093048095703
215,35.58622360229492,42.10076141357422
216,39.830101013183594,50.17835235595703
217,34.37385559082031,42.24102783203125
218,30.9077205657959,38.672828674316406
219,37.924034118652344,43.46247482299805
220,37.512786865234375,43.12678909301758
221,35.92759704589844,40.18303680419922
222,31.019704818725586,35.75457763671875
224,32.34744644165039,37.135311126708984
225,28.934965133666992,36.16129684448242
226,22.859464645385742,30.54172706604004
227,21.227895736694336,29.517728805541992
228,23.687658309936523,33.515960693359375
229,24.96417808532715,33.60847091674805
230,23.66678237915039,32.95329284667969
231,18.938013076782227,27.98041534423828
232,18.938013076782227,27.98041534423828
233,18.75553321838379,28.17890167236328
234,17.789291381835938,27.352962493896484
235,15.746236801147461,25.309907913208008
236,14.430602073669434,23.832298278808594
237,13.908357620239258,21.89036750793457
238,13.363734245300293,20.463991165161133
239,33.092350006103516,39.35942840576172
240,37.58064270019531,43.847721099853516
241,39.113441467285156,43.752174377441406
242,35.68949890136719,41.956573486328125
243,38.44222640991211,44.54853439331055
244,52.63618469238281,48.98324203491211
245,52.1932373046875,49.2324333190918
246,52.573524475097656,47.765411376953125
247,47.34930419921875,48.825016021728516
248,45.86779022216797,47.31582260131836
249,24.696487426757812,34.88330841064453
250,21.431631088256836,32.20990753173828
251,22.481069564819336,33.25934600830078
252,21.41280174255371,32.191078186035156
253,18.737775802612305,29.908700942993164
254,17.826719284057617,28.657367706298828
255,26.970230102539062,37.748504638671875
256,24.080631256103516,34.85890579223633
257,37.103485107421875,47.23997497558594
258,51.874080657958984,54.929832458496094
259,51.557037353515625,53.144378662109375
260,62.96112823486328,64.88533782958984
261,63.21258544921875,65.13844299316406
262,47.15320587158203,57.5814323425293
263,42.824527740478516,53.30096435546875
264,43.86643600463867,54.342872619628906
265,40.204627990722656,44.56454086303711
266,51.23841857910156,56.2463493347168
267,40.12962341308594,45.164485931396484
268,57.99728775024414,64.38367462158203
269,63.24370574951172,69.60604095458984
270,40.35787582397461,46.872413635253906
271,38.37034225463867,47.5206413269043
272,44.87607955932617,53.334251403808594
273,54.579830169677734,62.50583267211914
274,50.90843200683594,57.536312103271484
275,50.90843200683594,57.536312103271484
276,51.57191467285156,58.19979476928711
277,52.13434982299805,58.76223373413086
278,51.57191467285156,58.19979476928711
279,42.12363052368164,50.28804016113281
280,0.3677181005477905,12.872095108032227
281,3.3769867420196533,13.577177047729492
282,4.948031425476074,13.989959716796875
283,4.948031425476074,13.989959716796875
284,4.948031425476074,13.989959716796875
285,56.82482147216797,62.25091552734375
286,3.3769867420196533,13.577177047729492
287,0.7405605316162109,13.84334659576416
288,55.31193161010742,62.39920425415039
289,0.3677181005477905,12.872095108032227
290,32.897483825683594,39.59794616699219
291,34.56543731689453,41.04641342163086
292,34.08564376831055,42.33098220825195
293,32.46052169799805,41.43826675415039
294,33.12751770019531,41.9481201171875
295,33.12751770019531,41.9481201171875
296,31.667587280273438,39.71122741699219
297,30.600570678710938,40.692222595214844
298,28.090675354003906,38.905479431152344
299,40.110206604003906,21.505903244018555
300,39.2993049621582,21.33482551574707
301,37.55826187133789,20.94599723815918
302,37.19435119628906,22.399478912353516
303,31.91000747680664,21.339818954467773
310,46.33561706542969,26.57010269165039
311,45.01312255859375,30.286331176757812
312,60.90497589111328,45.44007873535156
313,60.90497589111328,45.44007873535156
314,47.537593841552734,31.937902450561523
315,39.2993049621582,21.33482551574707
316,36.48753356933594,21.04014778137207
317,36.540897369384766,20.734384536743164
318,37.00810241699219,21.00054359436035
319,38.327484130859375,21.28160285949707
326,35.444740295410156,20.831758499145508
327,35.444740295410156,20.831758499145508
328,34.984962463378906,20.56971549987793
329,35.15581130981445,20.446285247802734
330,32.618221282958984,21.32009506225586
331,45.70130920410156,27.565353393554688
332,48.38338851928711,31.938446044921875
333,53.079837799072266,37.90757369995117
334,59.96514892578125,44.5002555847168
335,46.788352966308594,31.538127899169922
336,42.53190231323242,27.939075469970703
337,40.84339904785156,22.127355575561523
338,45.70130920410156,27.565353393554688
339,48.38338851928711,31.938446044921875
340,53.079837799072266,37.90757369995117
341,59.96514892578125,44.5002555847168
342,46.788352966308594,31.538127899169922
343,42.53190231323242,27.939075469970703
344,40.84339904785156,22.127355575561523
345,46.757301330566406,23.23494529724121
346,47.531951904296875,24.818805694580078
347,52.63510513305664,37.17021179199219
348,52.19919967651367,27.044878005981445
349,48.16279983520508,26.463865280151367
350,49.61272430419922,32.72406768798828
351,52.03872299194336,36.03135299682617
352,53.548248291015625,38.08335494995117
353,38.41787338256836,24.576316833496094
354,36.95209503173828,25.721637725830078
355,40.303565979003906,29.698612213134766
356,42.24215316772461,31.995803833007812
357,54.4155158996582,46.17690658569336
358,38.01199722290039,28.531835556030273
359,37.447330474853516,27.130157470703125
360,52.19919967651367,27.044878005981445
361,48.625553131103516,26.926616668701172
362,48.86453628540039,27.310428619384766
363,49.144691467285156,26.928977966308594
364,51.45709991455078,30.80610466003418
365,50.26472473144531,34.37352752685547
366,52.03872299194336,36.03135299682617
367,50.451446533203125,34.98655319213867
368,40.404258728027344,29.462879180908203
369,40.937095642089844,29.68964385986328
370,43.33333206176758,32.05509948730469
371,47.526397705078125,43.712650299072266
372,38.968116760253906,28.908889770507812
373,23.857925415039062,18.95709228515625
374,23.98577880859375,19.492450714111328
375,24.44347381591797,19.009485244750977
376,24.44347381591797,19.009485244750977
377,20.99254035949707,17.3765926361084
378,20.435754776000977,17.47161865234375
379,22.975812911987305,22.920372009277344
380,26.258270263671875,27.988662719726562
381,24.44347381591797,19.009485244750977
382,21.24761962890625,17.55721092224121
383,21.35837173461914,17.452686309814453
384,21.120481491088867,18.83709716796875
385,10.76769733428955,15.880626678466797
386,14.869393348693848,18.292964935302734
387,13.475641250610352,15.789634704589844
388,12.538735389709473,16.14410400390625
389,11.409737586975098,15.982906341552734
390,11.193422317504883,15.49066162109375
391,12.337053298950195,16.043367385864258
392,16.44373893737793,18.081018447875977
393,14.869393348693848,18.292964935302734
394,13.169124603271484,16.503448486328125
395,12.640032768249512,15.615827560424805
396,11.928958892822266,17.012441635131836
397,11.31381607055664,15.42121410369873
398,15.05342960357666,16.318561553955078
399,14.902676582336426,16.232074737548828
400,14.07135009765625,16.13958740234375
401,16.384435653686523,22.938663482666016
402,4.651823043823242,17.15485191345215
403,13.071518898010254,18.908687591552734
404,13.255168914794922,20.2795467376709
405,11.558518409729004,18.457853317260742
406,26.024473190307617,18.59884262084961
407,26.024473190307617,18.59884262084961
408,25.906787872314453,18.39875602722168
409,25.373367309570312,18.48488998413086
410,33.33974075317383,27.165786743164062
411,29.626638412475586,20.89097023010254
412,18.023271560668945,19.62156105041504
413,19.060115814208984,18.30061912536621
414,19.388591766357422,18.401926040649414
415,19.885103225708008,17.54606056213379
416,19.984634399414062,17.424375534057617
417,17.942304611206055,16.946773529052734
418,17.220857620239258,17.696638107299805
419,17.538915634155273,16.656797409057617
448,7.681578636169434,15.22565746307373
449,4.948031425476074,13.989959716796875
450,6.68157958984375,14.998064994812012
451,30.094646453857422,19.545772552490234
452,30.7053279876709,19.44961166381836
453,31.584623336791992,19.632503509521484
454,18.023271560668945,19.62156105041504
455,18.56621742248535,19.297029495239258
456,18.212305068969727,17.68221092224121
457,19.233570098876953,17.98984146118164
458,19.54852294921875,17.297821044921875
459,17.538915634155273,16.656797409057617
460,17.788862228393555,18.071300506591797
461,14.638911247253418,16.65254783630371
462,13.846150398254395,17.386821746826172
463,13.836085319519043,18.459300994873047
464,14.3324556350708,19.884836196899414
465,12.6205415725708,18.097368240356445
466,12.345738410949707,20.303577423095703
467,13.926261901855469,11.803131103515625
468,14.798572540283203,10.918103218078613
469,15.0123291015625,10.832343101501465
470,14.378085136413574,11.258934020996094
471,23.660600662231445,6.3904571533203125
472,22.038759231567383,5.5713372230529785
473,19.58211898803711,7.3281755447387695
474,21.004350662231445,8.962616920471191
475,17.08803939819336,10.749678611755371
476,16.2147159576416,9.970134735107422
477,17.010831832885742,10.381959915161133
478,51.65966033935547,25.00593376159668
479,51.28052520751953,24.556270599365234
480,56.63121032714844,29.79945182800293
481,62.322357177734375,35.649375915527344
482,62.54826354980469,35.87528610229492
483,57.91887283325195,30.420440673828125
484,58.111473083496094,30.339059829711914
485,19.47113037109375,7.9069976806640625
486,16.882404327392578,9.86168384552002
487,15.348735809326172,11.078132629394531
488,14.400577545166016,11.398477554321289
489,13.548218727111816,12.113039016723633
490,11.217254638671875,14.545877456665039
491,11.396507263183594,14.991049766540527
492,77.94001770019531,44.876075744628906
493,83.36396026611328,45.87491989135742
494,81.24962615966797,43.58522033691406
495,89.7550277709961,46.03828430175781
496,90.40557098388672,46.6888313293457
497,85.17961883544922,41.46288299560547
498,85.20703125,41.490291595458984
499,84.09211730957031,40.3753776550293
500,53.40188217163086,26.71368408203125
501,51.28052520751953,24.556270599365234
502,56.448909759521484,29.775930404663086
503,56.63121032714844,29.79945182800293
504,62.54826354980469,35.87528610229492
505,57.49787521362305,29.99944305419922
506,56.82145690917969,29.049039840698242
507,57.98040008544922,29.623090744018555
508,51.018131256103516,25.683992385864258
509,51.729610443115234,25.971195220947266
510,54.14128112792969,28.807146072387695
511,56.81072235107422,30.137741088867188
512,56.21022033691406,29.864116668701172
513,56.07927322387695,30.298473358154297
514,59.90773010253906,33.23474884033203
515,61.604209899902344,34.93122863769531
516,68.23101806640625,41.55804443359375
517,55.91563415527344,25.761396408081055
518,59.224857330322266,28.402019500732422
519,63.55411148071289,32.49725341796875
520,63.47197341918945,32.59678268432617
521,65.667083740234375,34.20491027832031
522,66.01148986816406,32.66127395629883
523,63.916038513183594,33.40280532836914
524,64.92383575439453,34.397891998291016
525,64.04645538330078,33.64883804321289
526,66.01148986816406,32.66127395629883
527,73.09980773925781,46.42683029174805
528,79.72859191894531,53.05561065673828
529,79.72859191894531,53.05561065673828
530,78.64000701904297,51.9670295715332
531,79.41084289550781,52.737857818603516
532,74.04243469238281,47.58251190185547
533,81.13115692138672,54.671234130859375
534,81.74520111083984,55.07221221923828
535,81.74520111083984,55.07221221923828
536,82.93316650390625,56.26018142700195
537,74.37775421142578,47.91782760620117
538,74.40827178955078,47.94834518432617
539,11.467024803161621,26.349016189575195
540,13.374032974243164,29.96923828125
541,16.784805297851562,31.673992156982422
542,15.581478118896484,32.36863327026367
543,8.87830638885498,30.29309844970703
544,9.275111198425293,30.689899444580078
545,12.779848098754883,34.19463348388672
546,7.622043132781982,29.036832809448242
547,9.198670387268066,30.613460540771484
548,8.567192077636719,29.98198127746582
549,7.034190654754639,28.448978424072266
550,7.451391220092773,28.866180419921875
551,8.873377799987793,30.288166046142578
552,7.555408954620361,28.970197677612305
553,11.543238639831543,32.958030700683594
554,6.284949779510498,27.699739456176758
555,13.568885803222656,19.715862274169922
556,13.442365646362305,17.956737518310547
557,11.507013320922852,17.653987884521484
558,11.507013320922852,17.653987884521484
559,13.167993545532227,19.545743942260742
560,11.161735534667969,18.88462257385254
561,10.698984146118164,18.421871185302734
562,5.080880165100098,26.35228729248047
563,7.705122947692871,29.119911193847656
564,8.808387756347656,27.928544998168945
565,12.867815017700195,26.380077362060547
566,11.315855979919434,26.58316993713379
567,13.505577087402344,23.137834548950195
568,12.949406623840332,23.414209365844727
569,13.834259033203125,22.429916381835938
570,13.461127281188965,21.37931251525879
571,11.480405807495117,22.070484161376953
572,16.550289154052734,22.910968780517578
573,13.714710235595703,19.81363868713379
574,18.491891860961914,22.400915145874023
575,16.9414119720459,21.097660064697266
576,18.889942169189453,23.51791000366211
577,18.58707618713379,22.729389190673828
578,14.659074783325195,20.14101219177246
579,16.825698852539062,21.75305938720703
580,17.404163360595703,21.56041145324707
581,14.959595680236816,20.506845474243164
582,14.544840812683105,18.444843292236328
583,15.112162590026855,24.130779266357422
584,16.842296600341797,23.241756439208984
585,19.04824447631836,27.685792922973633
586,19.3569393157959,29.804981231689453
587,21.339645385742188,30.99327278137207
588,21.263538360595703,26.430438995361328
589,12.991866111755371,17.635923385620117
590,10.381795883178711,15.037080764770508
591,10.381795883178711,15.037080764770508
592,36.09029769897461,37.16965866088867
593,37.76231384277344,38.841670989990234
594,37.36048889160156,38.439849853515625
595,39.529502868652344,42.03038024902344
596,39.731597900390625,45.92249298095703
597,40.98292922973633,46.1788215637207
599,38.360198974609375,45.03427505493164
600,34.92292022705078,43.771461486816406
601,34.17805480957031,46.6893424987793
602,32.649574279785156,48.005584716796875
603,20.551437377929688,41.769935607910156
604,22.140201568603516,39.37544631958008
605,27.081218719482422,40.467586517333984
606,30.28073501586914,39.88279724121094
607,33.07456970214844,41.26593017578125
608,35.94268035888672,39.68584442138672
609,34.24115753173828,42.581993103027344
610,31.92933464050293,45.685585021972656
611,21.207054138183594,12.283797264099121
612,21.732213973999023,12.934343338012695
613,27.843284606933594,10.104382514953613
614,24.679494857788086,6.785019874572754
615,23.148155212402344,8.823808670043945
616,21.153711318969727,11.682475090026855
617,21.720680236816406,6.876143932342529
618,12.01950454711914,13.252614974975586
619,12.937100410461426,12.55649185180664
620,13.889959335327148,11.893484115600586
621,15.04004192352295,11.61800765991211
622,16.776229858398438,9.72581672668457
623,16.678953170776367,9.915307998657227
624,16.70335578918457,10.220428466796875
625,14.774871826171875,13.524462699890137
626,14.388259887695312,13.084674835205078
627,16.326278686523438,11.53068733215332
628,17.833480834960938,10.82087516784668
629,19.036314010620117,4.905498504638672
630,21.181365966796875,11.45745849609375
631,22.183019638061523,10.680025100708008
632,21.72246551513672,11.213132858276367
633,21.72246551513672,11.213132858276367
634,21.72246551513672,11.213132858276367
635,2.522674083709717,19.902814865112305
636,3.6873488426208496,19.732215881347656
637,5.0750532150268555,18.714399337768555
638,5.682024955749512,17.372652053833008
639,5.893681049346924,17.26629638671875
640,9.493043899536133,15.781754493713379
641,14.6510591506958,14.779487609863281
642,13.15926742553711,17.843067169189453
643,13.442365646362305,17.956737518310547
644,11.944466590881348,15.032061576843262
645,15.871955871582031,12.633125305175781
646,18.518333435058594,10.98397445678711
647,19.322792053222656,8.818808555603027
648,17.637392044067383,11.894637107849121
649,14.969502449035645,13.13429069519043
650,16.59108543395996,11.891660690307617
651,19.406017303466797,9.793150901794434
652,15.581478118896484,32.36863327026367
653,7.334649085998535,19.065757751464844
654,10.23636245727539,18.66005516052246
655,11.523927688598633,19.929458618164062
656,19.67502212524414,17.94052505493164
657,19.17043685913086,17.105234146118164
658,19.67502212524414,17.94052505493164
659,18.86164093017578,19.89872932434082
660,19.043415069580078,17.17661476135254
661,20.088430404663086,19.85247802734375
662,22.001359939575195,18.076684951782227
663,21.915813446044922,18.216951370239258
664,20.954280853271484,20.59830093383789
665,20.22037696838379,24.77978515625
666,20.928295135498047,23.850522994995117
667,21.402931213378906,18.36141014099121
668,21.66227912902832,18.354856491088867
669,22.120563507080078,19.40665054321289
670,21.490327835083008,22.4813175201416
671,21.490327835083008,22.4813175201416
672,22.661663055419922,18.226085662841797
673,22.6722354888916,17.931060791015625
674,32.08951187133789,27.419586181640625
675,30.581077575683594,25.69631004333496
676,30.581077575683594,25.69631004333496
677,32.188194274902344,27.170103073120117
678,32.37013244628906,27.544906616210938
679,22.661663055419922,18.226085662841797
680,23.119930267333984,18.159303665161133
681,25.15608787536621,20.347972869873047
682,30.683029174804688,25.874914169311523
683,31.284902572631836,26.421871185302734
684,30.654916763305664,25.791879653930664
685,31.18722152709961,26.36199378967285
686,28.632585525512695,23.61449432373047
687,26.215925216674805,24.254253387451172
688,25.914182662963867,23.268829345703125
689,26.734769821166992,25.045480728149414
690,29.074098587036133,26.235883712768555
691,30.105192184448242,28.95052146911621
692,30.247882843017578,28.422996520996094
693,30.65996551513672,28.8350830078125
694,30.567480087280273,29.41280746459961
695,28.073930740356445,28.339500427246094
696,23.46425437927246,18.7085018157959
697,12.779848098754883,34.19463348388672
698,23.570905685424805,25.262113571166992
699,28.883373260498047,29.86629295349121
700,30.749141693115234,30.829303741455078
701,30.749141693115234,30.829303741455078
702,31.46082305908203,31.083837509155273
703,2.1252872943878174,22.810928344726562
704,6.815507888793945,19.025136947631836
705,7.334649085998535,19.065757751464844
706,12.654186248779297,19.63722038269043
707,35.547061920166016,35.98345947265625
708,29.343124389648438,29.59624481201172
709,29.538679122924805,26.314531326293945
710,21.791893005371094,18.008926391601562
711,19.184213638305664,20.221302032470703
712,18.77297019958496,19.81005859375
713,24.29669761657715,25.237102508544922
714,33.254390716552734,34.19479751586914
715,25.841413497924805,26.292877197265625
716,24.953523635864258,28.444286346435547
717,26.575387954711914,30.066150665283203
718,24.039743423461914,31.56894302368164
719,24.50249481201172,31.538272857666016
720,24.198131561279297,29.739940643310547
721,23.302017211914062,28.625595092773438
722,20.914941787719727,28.398008346557617
723,20.777414321899414,27.28753662109375
724,21.67558479309082,24.161659240722656
725,14.704983711242676,4.436677932739258
726,13.873544692993164,3.4191348552703857
727,12.422202110290527,2.811224937438965
728,11.769874572753906,2.6434967517852783
729,10.23060417175293,2.1460013389587402
730,8.4650726318359375,2.0389890670776367
737,25.00844955444336,5.9683122634887695
738,24.660261154174805,5.35648250579834
739,27.649255752563477,6.590361595153809
740,28.893091201782227,8.0872802734375
741,21.851823806762695,5.475399971008301
742,21.878944396972656,9.422464370727539
743,20.715036392211914,9.917030334472656
744,20.48493194580078,9.637808799743652
745,21.114898681640625,10.478053092956543
746,21.09990882873535,9.133744239807129
747,21.20707893371582,9.41785717010498
748,20.68704605102539,9.28778076171875
749,21.04075813293457,9.67009449005127
750,20.891002655029297,8.908416748046875
751,21.326650619506836,8.845088958740234
752,30.182464599609375,13.261802673339844
753,37.744140625,15.817447662353516
754,38.48988342285156,16.568532943725586
755,40.956321716308594,16.60531234741211
756,12.58463191986084,2.8204739093780518
757,11.206281661987305,2.348942279815674
758,9.450799942016602,1.983802080154419
759,9.08308219909668,1.90731680393219
760,21.032989501953125,4.672423839569092
761,20.95110321044922,4.595938205718994
762,15.47045612335205,3.2455220222473145
763,15.748488426208496,3.5859320163726807
764,13.928028106689453,3.1005570888519287
765,21.0059814453125,8.659516334533691
766,21.47602653503418,8.215611457824707
767,23.940624237060547,7.223621368408203
768,22.950559616088867,9.894481658935547
769,23.921131134033203,10.624032974243164
770,21.401878356933594,8.368356704711914
771,26.39491081237793,6.8396196365356445
772,24.611095428466797,8.14786434173584
773,23.828250885009766,7.46939754486084
774,23.681060791015625,7.837116241455078
775,40.81703567504883,16.408550262451172
776,40.81703567504883,16.408550262451172
777,21.063156127929688,10.18646240234375
778,25.184001922607422,13.770491600036621
779,21.47676658630371,10.795690536499023
780,5.436337947845459,14.366364479064941
781,6.096099376678467,16.15408706665039
782,6.679681301116943,16.737668991088867
783,10.383721351623535,20.8466854095459
784,2.812002182006836,14.320514678955078
785,1.8698540925979614,14.331416130065918
786,3.5710554122924805,14.7555513381958
787,7.628862380981445,15.504441261291504
788,9.973363876342773,18.27023696899414
789,6.9128570556640625,15.655921936035156
790,5.873745918273926,13.082935333251953
791,4.277377605438232,14.03482437133789
792,2.9445462226867676,13.941487312316895
793,2.568053722381592,16.107460021972656
794,2.718888521194458,13.920771598815918
795,7.971898078918457,16.06431770324707
796,7.773780345916748,15.030647277832031
797,9.0562286376953125,16.71573257446289
798,9.160365104675293,14.754842758178711
799,10.24366569519043,15.222882270812988
800,13.48519515991211,20.06866455078125
801,9.948087692260742,17.885555267333984
802,15.399864196777344,21.750459671020508
817,7.509764194488525,14.411518096923828
818,9.28693675994873,16.26975440979004
819,9.33051872253418,15.536822319030762
820,11.89746379852295,16.876680374145508
821,11.198504447937012,18.386890411376953
822,8.701310157775879,16.638776779174805
823,8.976483345031738,17.068904876708984
824,13.551556587219238,23.656152725219727
825,19.923721313476562,30.028316497802734
826,17.4595890045166,27.564184188842773
827,17.45651626586914,29.11758804321289
828,16.28482437133789,24.301725387573242
829,16.31790542602539,24.75297737121582
830,15.228039741516113,23.848081588745117
831,14.765287399291992,23.385330200195312
832,16.451862335205078,25.071903228759766
833,15.797115325927734,24.959917068481445
834,11.661552429199219,19.27530288696289
835,11.750395774841309,18.73321533203125
836,14.43935489654541,22.592763900756836
837,15.715411186218262,21.05634880065918
838,15.915738105773926,20.27479362487793
839,15.312329292297363,22.146259307861328
840,15.220218658447266,21.9122371673584
841,14.995145797729492,21.977962493896484
842,15.762616157531738,22.82854461669922
843,18.60002899169922,27.03510284423828
844,12.244776725769043,15.724639892578125
845,13.222696304321289,17.758983612060547
846,23.570905685424805,25.262113571166992
847,23.85009765625,24.92945671081543
848,25.794706344604492,26.85175323486328
849,12.865710258483887,17.513729095458984
850,12.649890899658203,16.518949508666992
851,22.079435348510742,23.158794403076172
852,15.532509803771973,16.569599151611328
853,13.299567222595215,15.772563934326172
854,15.430147171020508,18.08094024658203
855,15.277198791503906,17.255281448364258
856,14.050409317016602,16.88530158996582
857,36.681922912597656,53.73154830932617
858,34.79829788208008,51.92885971069336
859,34.868080139160156,52.10551071166992
860,33.230995178222656,50.190696716308594
861,31.27723503112793,48.52705383300781
862,30.962631225585938,49.07780838012695
863,29.68218421936035,52.22508239746094
864,29.421146392822266,51.488224029541016
865,27.272994995117188,49.815887451171875
866,40.71578598022461,56.642616271972656
867,38.86619567871094,55.80460739135742
868,38.59228515625,56.259525299072266
869,36.68922424316406,56.455623626708984
870,35.98130416870117,56.431304931640625
871,31.939050674438477,53.6197509765625
872,24.830490112304688,46.82277297973633
873,37.162437438964844,59.70533752441406
874,33.336029052734375,55.87892150878906
875,32.03584671020508,54.578739166259766
876,30.11051368713379,52.65340805053711
877,36.13924026489258,61.31132888793945
878,33.481685638427734,58.65377426147461
879,33.481685638427734,58.65377426147461
880,43.02568817138672,69.45307922363281
881,39.59821319580078,58.03459167480469
882,39.975120544433594,59.161128997802734
883,36.13039779663086,54.87247085571289
884,36.90896224975586,56.527732849121094
885,38.63802719116211,57.824039459228516
886,38.37906265258789,55.407161712646484
887,39.77859115600586,54.43614959716797
888,40.45869827270508,51.74140167236328
889,40.71578598022461,56.642616271972656
890,40.849388122558594,57.29045867919922
891,37.92928695678711,55.596519470214844
892,39.346588134765625,57.389163970947266
893,36.09812545776367,56.79902267456055
894,34.96912384033203,57.512020111083984
895,27.170663833618164,49.71356201171875
896,46.032859802246094,57.58917236328125
897,45.089637756347656,63.1322135925293
898,45.362770080566406,63.405338287353516
899,44.211875915527344,63.84510803222656
900,38.962398529052734,70.5460205078125
901,39.3422737121582,70.90929412841797
902,42.769508361816406,65.312408447265625
903,41.088653564453125,63.517578125
904,22.895809173583984,44.03950500488281
905,16.740732192993164,38.871376037597656
906,16.814014434814453,38.643592834472656
907,12.417787551879883,36.495975494384766
908,15.322684288024902,43.25225067138672
909,11.43428897857666,40.35187911987305
910,7.995932579040527,36.14363479614258
911,5.105728626251221,33.9947509765625
912,35.76472091674805,43.70769500732422
913,41.401763916015625,47.124610900878906
914,48.270286560058594,50.8140869140625
915,46.05030822753906,48.48169708251953
916,51.77657699584961,48.40106964111328
917,48.686309814453125,46.65778732299805
918,48.686309814453125,46.65778732299805
919,50.01478576660156,50.52665328979492
920,50.861351013183594,49.473533630371094
921,28.51751708984375,50.6289176940918
922,31.442283630371094,53.6734619140625
923,34.79487609863281,55.73957824707031
924,35.4726448059082,55.228763580322266
925,35.44329833984375,56.12173843383789
926,35.863059997558594,56.238182067871094
927,35.65041732788086,56.252166748046875
936,27.357830047607422,44.01380157470703
937,29.80915641784668,49.26522445678711
938,29.772518157958984,49.331668853759766
939,37.997772216796875,52.33661651611328
940,38.40901565551758,52.50398635864258
941,41.185333251953125,53.6082878112793
942,38.85249328613281,54.228973388671875
943,9.964271545410156,2.105936050415039
944,9.822542190551758,2.4037444591522217
945,7.045384407043457,1.6567931175231934
946,10.962187767028809,2.976086378097534
947,6.763297080993652,1.5917240381240845
948,7.0604047775268555,1.4774317741394043
949,6.5623040199279785,1.7337350845336914
950,8.48310375213623,2.323307991027832
951,11.739892959594727,5.812467575073242
952,13.3300199508667,3.3275339603424072
953,14.984657287597656,5.419732570648193
954,12.558979988098145,3.3380043506622314
955,10.285402297973633,4.655039310455322
956,8.990103721618652,4.19700288772583
957,7.311920642852783,2.4096884727478027
958,6.859896659851074,2.1587729454040527
959,1.2741186618804932,0.26501670479774475
960,1.6862043142318726,0.3507304787635803
961,2.68916654586792,0.878829300403595
962,1.6508837938308716,0.6226641535758972
963,2.2156412601470947,1.149753451347351
964,2.336345911026001,2.110842704772949
965,1.7586395740509033,0.5114133954048157
966,1.7586395740509033,0.5114133954048157
967,2.5384433269500732,0.8004145622253418
968,3.550225257873535,1.1042314767837524
969,0.9788357615470886,0.20359784364700317
970,4.692873001098633,2.815640449523926
971,5.389066219329834,3.097053289413452
972,5.389066219329834,3.097053289413452
973,2.5384433269500732,0.8004145622253418
974,2.6463894844055176,0.5515148639678955
975,9.649324417114258,4.720328330993652
976,9.5979156494140625,4.1071038246154785
977,13.119708061218262,5.724068641662598
978,12.766427040100098,3.2833850383758545
979,13.3300199508667,3.3275339603424072
980,11.981769561767578,2.7354328632354736
981,11.765277862548828,3.9050915241241455
982,8.776278495788574,2.2610700130462646
983,10.60563850402832,3.7011260986328125
984,2.2742440700531006,0.6489887833595276
985,2.2742440700531006,0.6489887833595276
986,2.6027190685272217,0.8840111494064331
987,3.2063615322113037,0.8455480337142944
988,3.2063615322113037,0.8455480337142944
989,3.642087459564209,0.9573589563369751
990,3.574079751968384,0.7605956196784973
991,4.009805679321289,0.8528338670730591
992,7.388023376464844,4.235876083374023
993,9.603251457214355,6.942960739135742
994,9.931726455688477,7.271435737609863
995,9.257646560668945,5.448658466339111
996,7.190829753875732,4.265458106994629
997,7.750786781311035,1.8592257499694824
998,7.288034915924072,1.7909150123596191
999,11.534857749938965,7.895984172821045
1000,11.372701644897461,8.71501350402832
1001,12.736381530761719,8.225522994995117
1002,13.189225196838379,9.270308494567871
1003,13.904548645019531,10.171195983886719
1004,14.316634178161621,10.413403511047363
1005,15.4539213180542,10.927165031433105
1006,18.715017318725586,14.188260078430176
1007,18.715017318725586,14.188260078430176
1008,13.937959671020508,3.1792409420013428
1009,3.6456708908081055,1.1763445138931274
1010,3.2022178173065186,0.8418132662773132
1011,3.5306928157806396,0.9317037463188171
1012,3.5262653827667236,1.3942738771438599
1013,5.708726406097412,1.1931055784225464
1014,7.058912754058838,1.9575566053390503
1015,12.766427040100098,3.2833850383758545
1016,14.29490852355957,3.0716960430145264
1017,16.761390686035156,3.717987537384033
1018,16.81092643737793,4.050117492675781
1019,16.60723304748535,3.5413525104522705
1020,17.974018096923828,4.210320472717285
1021,15.912925720214844,3.3969366550445557
1022,15.173047065734863,3.2242958545684814
1023,14.312433242797852,5.443639278411865
1024,21.706348419189453,5.4634785652160645
1025,20.723745346069336,11.756917953491211
1026,20.360300064086914,12.932074546813965
1027,19.55597496032715,17.742263793945312
1028,12.602119445800781,17.883323669433594
1029,15.41565990447998,15.538101196289062
1030,13.789222717285156,16.795936584472656
1031,20.262113571166992,11.509513854980469
1032,21.668088912963867,9.939644813537598
1033,21.458660125732422,8.951886177062988
1034,15.287965774536133,15.828597068786621
1035,21.253520965576172,11.779701232910156
1036,25.773107528686523,6.008564472198486
1037,27.128028869628906,7.893986225128174
1038,24.913681030273438,6.141303062438965
1039,12.203741073608398,2.5888266563415527
1040,12.8756685256958,5.257991313934326
1041,11.325557708740234,4.527157783508301
1042,10.94645881652832,3.5426595211029053
1043,11.092974662780762,4.449950218200684
1044,14.826627731323242,4.151652812957764
1045,20.91718101501465,5.27643346786499
1046,39.92499542236328,55.157657623291016
1047,42.60004806518555,58.570716857910156
1048,47.783931732177734,64.02518463134766
1049,48.12398147583008,67.58817291259766
1050,52.465641021728516,70.02415466308594
1051,36.77687072753906,56.505550384521484
1052,49.92747116088867,66.48814392089844
1053,44.9557991027832,61.18126678466797
1054,46.88813018798828,61.06527328491211
1055,44.23540115356445,57.866458892822266
1056,44.038841247558594,59.600467681884766
1057,51.168968200683594,63.978302001953125
1058,51.168968200683594,63.978302001953125
1059,38.287574768066406,56.91783142089844
1060,54.07305145263672,74.14249420166016
1061,59.65264892578125,79.72209167480469
1062,62.208858489990234,82.0277099609375
1063,57.311180114746094,77.38063049316406
1064,66.34430694580078,77.2679443359375
1065,66.84431457519531,77.76795959472656
1066,68.75170135498047,79.6595230102539
1067,69.76542663574219,81.4107437133789
1068,69.41962432861328,80.34326934814453
1069,41.285797119140625,56.61311721801758
1070,42.74882507324219,59.53805160522461
1071,47.44730758666992,66.21214294433594
1072,49.0225715637207,67.9955825805664
1073,51.83958053588867,70.56075286865234
1074,54.07305145263672,74.14249420166016
1075,28.87647247314453,48.0210075378418
1076,56.78178024291992,67.84248352050781
1077,57.199222564697266,68.27584075927734
1078,61.857547760009766,72.68626403808594
1079,61.48652267456055,72.0414810180664
1080,56.36783218383789,65.48570251464844
1081,57.87457275390625,68.49327087402344
1082,48.12736892700195,58.69792175292969
1083,52.33035659790039,63.23849868774414
1084,49.817867279052734,60.74943923950195
1085,4.213909149169922,34.287445068359375
1086,2.828559398651123,33.7525520324707
1087,2.2331197261810303,34.451324462890625
1088,0.7719277739524841,33.11679458618164
1089,1.8555521965026855,32.935218811035156
1090,5.355042457580566,30.66826629638672
1091,14.859359741210938,23.16225242614746
1092,3.626056432723999,33.94322204589844
1093,2.165558338165283,34.069419860839844
1094,0.9163276553153992,33.45643615722656
1095,0.7719277739524841,33.11679458618164
1096,0.9163276553153992,33.45643615722656
1097,10.653827667236328,25.590566635131836
1098,3.8985657691955566,34.38667297363281
1099,3.7535901069641113,35.08517074584961
1100,5.3866095542907715,33.77791213989258
1101,4.854110240936279,33.44526672363281
1102,5.771429538726807,33.92979049682617
1103,11.298988342285156,32.080135345458984
1104,10.831779479980469,32.25804138183594
1105,11.529170989990234,30.832660675048828
1106,10.529046058654785,31.367565155029297
1107,8.880171775817871,33.54220199584961
1108,5.6371259689331055,34.78435516357422
1109,16.7967472076416,27.650497436523438
1110,16.12091064453125,34.31996536254883
1111,15.78127384185791,33.74531173706055
1112,17.20913314819336,35.66905975341797
1113,17.238309860229492,36.8204345703125
1114,20.679229736328125,33.00579071044922
1115,22.4223575592041,27.593170166015625
1116,11.991456985473633,30.506895065307617
1117,11.336959838867188,38.719886779785156
1118,11.336959838867188,38.719886779785156
1119,11.218815803527832,38.245365142822266
1120,15.019048690795898,41.3130989074707
1121,16.682308197021484,38.40056610107422
1122,12.549558639526367,35.47624969482422
1123,23.408910751342773,21.690000534057617
1124,29.98548698425293,15.910618782043457
1125,27.495861053466797,19.20772933959961
1126,33.47325897216797,12.45638656616211
1127,33.80782699584961,9.9231595993042
1128,27.465856552124023,13.425957679748535
1129,31.121885299682617,14.801548957824707
1130,31.32508659362793,14.129642486572266
1131,29.177032470703125,17.503597259521484
1132,28.437387466430664,18.024816513061523
1133,34.656898498535156,11.000740051269531
1134,33.97163009643555,11.87352180480957
1135,24.031984329223633,18.221330642700195
1136,27.302806854248047,15.798139572143555
1137,29.658845901489258,12.96428394317627
1138,32.78429412841797,10.403288841247559
1139,32.78429412841797,10.403288841247559
1140,32.17483901977539,10.429081916809082
1141,66.84431457519531,77.76795959472656
1142,31.86077308654785,11.885350227355957
1143,29.002397537231445,13.605432510375977
1144,29.52066421508789,13.482256889343262
1145,4.65322208404541,33.790042877197266
1146,5.426506996154785,32.66524124145508
1147,8.695136070251465,30.130130767822266
1148,11.329646110534668,25.99125099182129
1149,11.65841293334961,24.927204132080078
1150,22.25086212158203,18.003236770629883
1151,30.029922485351562,14.003418922424316
1152,29.388776779174805,13.339938163757324
1153,28.3913631439209,13.909162521362305
1154,29.101110458374023,11.841456413269043
1155,26.282182693481445,11.30160903930664
1156,29.337295532226562,12.590696334838867
1157,26.725635528564453,11.52694034576416
1158,28.054147720336914,14.620552062988281
1159,26.760025024414062,15.354153633117676
1160,29.76459312438965,12.504938125610352
1161,18.06802749633789,42.51126480102539
1162,18.91972541809082,40.97241973876953
1163,18.634319305419922,37.06868362426758
1164,18.55987548828125,46.217350006103516
1165,17.415212631225586,43.66688537597656
1166,24.018457412719727,43.23289108276367
1167,25.193586349487305,44.16312789916992
1168,26.094331741333008,43.18966293334961
1169,21.346179962158203,35.75729751586914
1170,21.21468162536621,34.50163650512695
1171,36.8051872253418,44.54774475097656
1172,31.328332901000977,44.20166778564453
1173,37.23711395263672,42.926490783691406
1174,36.8051872253418,44.54774475097656
1175,21.778839111328125,49.182037353515625
1176,30.821203231811523,43.853919982910156
1177,32.136905670166016,44.711647033691406
1178,36.41383743286133,45.737388610839844
1179,29.144710540771484,39.79774856567383
1180,17.64570426940918,46.4489631652832
1181,17.83158302307129,45.3156852722168
1182,17.68373680114746,46.486995697021484
1183,18.83293914794922,47.43867492675781
1184,19.33072280883789,44.550262451171875
1185,17.373462677001953,43.98625564575195
1186,17.466758728027344,45.124237060546875
1187,17.64570426940918,46.4489631652832
1188,21.462635040283203,46.63400650024414
1189,18.403011322021484,47.20627212524414
1190,21.273454666137695,46.126869201660156
1191,22.32396125793457,44.727378845214844
1192,22.32396125793457,44.727378845214844
1193,21.4615478515625,44.00444412231445
1194,19.71102523803711,48.5142822265625
1195,18.403011322021484,47.20627212524414
1196,24.118152618408203,48.579227447509766
1197,22.146556854248047,49.54975128173828
1198,22.06247329711914,50.86573028564453
1199,22.33696937561035,47.76694107055664
1200,21.82826042175293,48.25938034057617
1201,16.021177291870117,44.61530685424805
1202,15.841024398803711,44.00153350830078
1203,15.7029447555542,42.011192321777344
1204,11.81863021850586,41.0004997253418
1205,11.444533348083496,37.329742431640625
1206,15.55264949798584,39.50681686401367
1207,9.693814277648926,36.80609893798828
1208,8.941143035888672,37.526458740234375
1209,12.059358596801758,34.32403564453125
1210,9.026583671569824,31.140607833862305
1211,19.663494110107422,42.50544738769531
1212,19.055084228515625,42.71235275268555
1213,17.422584533691406,43.88412857055664
1214,17.555662155151367,43.364986419677734
1215,16.254165649414062,43.0619010925293
1216,18.703283309936523,42.71235275268555
1217,10.923513412475586,39.497535705566406
1218,9.363367080688477,38.37865447998047
1219,21.961668014526367,44.87580490112305
1220,16.360767364501953,38.50898742675781
1221,7.787370204925537,21.379261016845703
1222,7.459590435028076,21.05328941345215
1223,7.535358428955078,21.63902473449707
1224,8.412470817565918,23.56920623779297
1225,12.653051376342773,19.905187606811523
1226,9.338249206542969,20.54734230041504
1227,8.02318286895752,21.321514129638672
1228,7.955791473388672,21.78342628479004
1229,8.851580619812012,23.425901412963867
1230,10.290644645690918,22.15640640258789
1231,12.854042053222656,18.737802505493164
1232,15.847071647644043,15.007363319396973
1233,17.153915405273438,12.175749778747559
1234,17.3098201751709,12.106694221496582
1235,17.677335739135742,14.102535247802734
1236,17.21078109741211,12.725844383239746
1237,17.02450180053711,12.339286804199219
1238,17.30961799621582,14.212493896484375
1239,18.376188278198242,14.27254867553711
1240,21.8094425201416,36.06807327270508
1241,22.441085815429688,36.90555953979492
1242,24.401290893554688,38.86576461791992
1243,23.399375915527344,37.003326416015625
1246,13.256409645080566,17.339588165283203
1247,0.7378528118133545,0.4093065559864044
1248,25.987293243408203,40.333797454833984
1249,24.088712692260742,38.34734344482422
1250,25.42437171936035,38.6016731262207
1251,21.360431671142578,28.885862350463867
1252,14.082499504089355,16.67207145690918
1253,10.747997283935547,18.758743286132812
1254,16.50575065612793,13.678466796875
1255,13.668530464172363,16.182466506958008
1256,14.37547779083252,15.898716926574707
1257,16.046567916870117,15.529865264892578
1258,10.900334358215332,19.059619903564453
1259,18.18230628967285,32.48672103881836
1260,20.936874389648438,31.891128540039062
1261,22.66314125061035,32.11721420288086
1262,8.584087371826172,23.273561477661133
1263,8.606454849243164,23.970874786376953
1264,20.462617874145508,33.68406295776367
1265,22.003366470336914,32.88457107543945
1266,8.022327423095703,22.711801528930664
1267,8.606454849243164,23.970874786376953
1268,11.683487892150879,29.7670955657959
1269,12.965580940246582,33.05115509033203
1270,13.126160621643066,3.371913194656372
1271,25.32196807861328,45.16548156738281
1272,14.854562759399414,34.94013977050781
1273,13.126160621643066,3.371913194656372
1274,27.292484283447266,46.85988998413086
1275,18.795047760009766,30.016357421875
1276,19.196311950683594,30.705839157104492
1277,19.19675064086914,29.48727798461914
1278,16.804296493530273,25.805065155029297
1279,12.047165870666504,22.14547348022461
1280,14.340776443481445,23.4884033203125
1281,14.340776443481445,23.4884033203125
1282,12.605392456054688,25.977920532226562
1283,8.647878646850586,25.796287536621094
1284,13.440141677856445,23.690811157226562
1285,13.440141677856445,23.690811157226562
1286,15.366654396057129,23.407817840576172
1287,10.736030578613281,23.696823120117188
1288,14.68936824798584,16.539302825927734
1289,16.226804733276367,16.202184677124023
1290,16.241840362548828,18.119731903076172
1291,15.798388481140137,17.866275787353516
1292,12.382898330688477,19.345853805541992
1293,9.942268371582031,17.065658569335938
1294,9.431672096252441,17.603609085083008
1295,7.049922943115234,19.513782501220703
1296,9.969369888305664,17.959705352783203
1297,13.68525505065918,26.586502075195312
1298,14.54146957397461,28.30156707763672
1299,16.980453491210938,29.367717742919922
1300,6.626613140106201,20.101634979248047
1301,14.68936824798584,16.539302825927734
1302,15.632366180419922,16.028074264526367
1303,12.507004737854004,18.094940185546875
1304,12.584538459777832,18.61188316345215
1305,14.29194164276123,19.034963607788086
1306,6.634770393371582,43.69788360595703
1307,19.82720947265625,55.766239166259766
1308,3.9613094329833984,36.01812744140625
1309,12.348454475402832,39.95731735229492
1310,17.423484802246094,51.91654586791992
1311,21.12932586669922,54.86095428466797
1312,14.866629600524902,42.20304489135742
1313,1.3711909055709839,37.183406829833984
1314,3.0512354373931885,40.234066009521484
1315,2.2809290885925293,39.46376037597656
1316,8.797243118286133,46.11161804199219
1317,9.044700622558594,46.359073638916016
1318,5.436851501464844,42.751224517822266
1319,3.300229549407959,40.614601135253906
1320,8.99129581451416,36.817962646484375
1321,14.267816543579102,51.330928802490234
1322,15.720237731933594,45.227272033691406
1323,15.273019790649414,42.788421630859375
1324,23.482803344726562,55.17502975463867
1325,22.157875061035156,48.948387145996094
1326,5.569945335388184,37.08503723144531
1327,9.524456024169922,38.3696174621582
1328,10.873906135559082,44.34387969970703
1329,17.423484802246094,51.91654586791992
1330,21.439699172973633,49.32688903808594
1331,12.029014587402344,42.12501907348633
1332,17.831375122070312,45.79502868652344
1333,16.243228912353516,43.391258239746094
1334,23.266056060791016,51.90519332885742
1335,22.837848663330078,50.01601028442383
1336,3.741783618927002,36.407737731933594
1337,11.646100997924805,42.003990173339844
1338,18.80051612854004,52.92866134643555
1339,18.479076385498047,51.472679138183594
1340,23.553218841552734,54.188907623291016
1341,12.471334457397461,39.13655090332031
1342,44.5793342590332,65.88945770263672
1343,54.67542266845703,75.50154113769531
1344,44.5793342590332,65.88945770263672
1345,53.54537582397461,78.059417724609375
1346,50.15536117553711,75.48375701904297
1347,51.33827590942383,76.66666412353516
1348,48.05059051513672,70.84569549560547
1349,55.69831466674805,76.59832763671875
1350,48.743629455566406,69.9536361694336
1351,45.00940704345703,65.12603759765625
1352,46.48676300048828,73.70690155029297
1353,46.95588684082031,74.17603302001953
1354,45.35818862915039,71.65325927734375
1355,36.88512420654297,63.79732131958008
1356,27.744834899902344,37.737571716308594
1357,28.217069625854492,38.40105438232422
1358,21.03449249267578,30.474397659301758
1359,21.307527542114258,29.82286262512207
1360,20.06882667541504,28.862770080566406
1361,15.89054012298584,30.05624771118164
1362,28.551349639892578,37.482234954833984
1363,28.551349639892578,37.482234954833984
1364,23.99974822998047,29.715015411376953
1365,24.20463752746582,30.893657684326172
1366,16.45539665222168,30.680744171142578
1367,31.76437759399414,37.0298957824707
1368,32.20771026611328,37.27379608154297
1369,25.844152450561523,36.588966369628906
1370,36.06062698364258,47.72153091430664
1371,25.319856643676758,29.57908058166504
1372,29.55707359313965,31.272235870361328
1373,28.300395965576172,32.48479461669922
1374,20.580991744995117,30.699569702148438
1375,29.137845993041992,35.8798942565918
1376,32.352230072021484,37.61774826049805
1377,26.72502326965332,39.5482292175293
1378,24.881315231323242,36.20336151123047
1379,27.05596351623535,31.18841552734375
1380,28.582731246948242,30.741130828857422
1381,24.551170349121094,31.78862190246582
1382,25.619932174682617,31.119203567504883
1383,21.344707489013672,31.46950340270996
1384,39.51710891723633,50.82918930053711
1385,36.554134368896484,49.209449768066406
1386,35.715179443359375,49.510440826416016
1387,34.83747863769531,47.67051696777344
1388,29.96876335144043,43.744873046875
1389,29.129846572875977,43.221004486083984
1390,37.450172424316406,48.737178802490234
1391,32.7269401550293,45.55997848510742
1392,38.38829040527344,51.22132873535156
1393,36.02039337158203,48.853431701660156
1394,34.11594772338867,46.90459060668945
1395,32.959293365478516,45.71831512451172
1396,28.733924865722656,42.4935417175293
1397,31.294036865234375,46.64468002319336
1398,29.252361297607422,50.37751770019531
1399,29.252361297607422,50.37751770019531
1400,31.817461013793945,42.72401809692383
1401,33.101470947265625,38.36698532104492
1402,31.523387908935547,41.62706756591797
1403,32.352230072021484,37.61774826049805
1404,31.76437759399414,37.0298957824707
1405,31.76437759399414,37.0298957824707
1406,15.27678394317627,44.78382110595703
1407,29.634788513183594,35.198123931884766
1408,30.46363639831543,39.57238006591797
1409,29.913410186767578,38.84271240234375
1410,35.86368942260742,45.90218734741211
1411,33.09672546386719,40.704952239990234
1412,34.412723541259766,43.224769592285156
1413,18.412765502929688,30.700414657592773
1414,27.41123390197754,28.765718460083008
1415,27.68756675720215,30.75656509399414
1416,28.197452545166016,32.917930603027344
1417,28.633956909179688,31.396194458007812
1418,35.355560302734375,39.13175582885742
1419,30.560853958129883,48.086517333984375
1420,31.54397964477539,51.95246505737305
1421,32.44123840332031,51.91612243652344
1422,28.75360107421875,46.879173278808594
1423,34.184329986572266,52.357784271240234
1424,27.277551651000977,28.583585739135742
1425,35.41248321533203,34.4775390625
1426,47.213253021240234,54.5737419128418
1427,26.670671463012695,28.79429817199707
1428,27.752410888671875,31.932270050048828
1429,33.63932800292969,42.2263298034668
1430,34.85357666015625,41.678890228271484
1431,35.25667190551758,38.54389953613281
1432,27.744760513305664,28.694637298583984
1433,27.167884826660156,28.862808227539062
1434,27.592971801757812,28.783767700195312
1435,29.667221069335938,28.783283233642578
1436,28.512483596801758,28.645423889160156
1437,14.964587211608887,22.309965133666992
1438,17.390653610229492,23.905853271484375
1439,19.585580825805664,26.14435577392578
1440,24.99184226989746,31.807979583740234
1441,29.024019241333008,36.2850456237793
1442,30.450054168701172,38.21287536621094
1443,10.250227928161621,7.897433757781982
1444,9.998540878295898,5.259749412536621
1445,18.182939529418945,9.19188404083252
1449,35.02265930175781,53.19611358642578
1450,32.666961669921875,55.7973747253418
1451,35.02265930175781,53.19611358642578
1452,28.601890563964844,45.36669921875
1453,28.699499130249023,48.5625114440918
1460,26.167346954345703,28.42692756652832
1461,27.014965057373047,28.622798919677734
1462,28.05816078186035,26.99498176574707
1463,26.306198120117188,26.315067291259766
1464,31.868541717529297,30.436742782592773
1465,22.4678897857666,34.350990295410156
1466,26.649425506591797,40.535858154296875
1467,23.787843704223633,29.842205047607422
1468,29.515579223632812,46.59601974487305
1469,26.147964477539062,37.5901985168457
1470,26.197046279907227,35.858367919921875
1471,22.4678897857666,34.350990295410156
1472,27.242835998535156,42.47642517089844
1473,28.385263442993164,44.9678955078125
1474,25.414764404296875,38.06543731689453
1475,26.678081512451172,35.82463836669922
1476,26.8465576171875,33.235233306884766
1477,8.940461158752441,20.402507781982422
1478,6.030518054962158,20.13216781616211
1479,13.600732803344727,21.745210647583008
1480,6.721576690673828,19.969152450561523
1481,9.078539848327637,23.30388832092285
1482,4.223703384399414,19.856273651123047
1483,3.1691510677337646,18.639963150024414
1484,6.129032611846924,22.210317611694336
1485,6.1478657722473145,21.889606475830078
1486,4.368956565856934,18.353994369506836
1487,3.6683402061462402,20.510517120361328
1488,5.513148784637451,20.676342010498047
1489,5.513148784637451,20.676342010498047
1490,4.962211608886719,20.112749099731445
1491,8.114457130432129,22.60809326171875
1492,2.8317456245422363,18.602127075195312
1493,1.807031512260437,19.629894256591797
1494,1.958454966545105,19.23468017578125
1495,2.6659069061279297,19.029129028320312
1496,2.4775962829589844,18.868846893310547
1497,3.026886463165283,18.746932983398438
1498,2.4137470722198486,18.69194793701172
1499,2.4137470722198486,18.69194793701172
1500,2.757065534591675,18.533803939819336
1501,6.821446895599365,25.165386199951172
1502,5.281332969665527,23.449750900268555
1503,9.70512580871582,28.198810577392578
1504,10.984577178955078,29.47826385498047
1505,13.620353698730469,31.047849655151367
1506,11.565443992614746,26.493362426757812
1507,4.845348834991455,22.39438819885254
1508,7.401132106781006,25.261512756347656
1509,7.401132106781006,25.261512756347656
1510,9.242372512817383,27.736059188842773
1511,12.267903327941895,29.694942474365234
1512,13.842461585998535,26.99951934814453
1513,9.826047897338867,28.257766723632812
1514,30.37298011779785,39.311153411865234
1515,26.1547794342041,37.157630920410156
1516,29.256643295288086,40.029457092285156
1517,31.259811401367188,46.17604064941406
1518,25.649959564208984,42.57622146606445
1519,24.423112869262695,40.9046745300293
1520,23.275131225585938,40.15318298339844
1521,22.444660186767578,39.38508224487305
1522,24.487783432006836,38.87314224243164
1523,1.807031512260437,19.629894256591797
1524,1.7010841369628906,19.32174301147461
1525,2.4196598529815674,18.800525665283203
1526,2.4775962829589844,18.868846893310547
1527,2.4137470722198486,18.69194793701172
1528,2.4137470722198486,18.69194793701172
1529,2.4137470722198486,18.69194793701172
1530,2.757065534591675,18.533803939819336
1531,5.241755962371826,4.02370023727417
1532,10.175512313842773,6.342528820037842
1533,18.24072265625,13.565885543823242
1534,12.5820894241333,7.458644866943359
1535,9.950526237487793,5.976696014404297
1536,19.544279098510742,14.905109405517578
1537,15.843100547790527,11.051140785217285
1538,13.5569429397583,12.459510803222656
1539,10.005599975585938,6.666679859161377
1540,9.61927318572998,7.067406177520752
1541,11.004096031188965,6.547764778137207
1542,12.254544258117676,10.452162742614746
1543,12.214372634887695,7.0909271240234375
1544,13.48509407043457,8.880993843078613
1545,18.24072265625,13.565885543823242
1546,12.656140327453613,10.837297439575195
1547,9.132841110229492,29.267854690551758
1548,10.034035682678223,28.676862716674805
1549,7.595568656921387,32.07643508911133
1550,9.63390064239502,29.293914794921875
1551,15.592761039733887,22.593164443969727
1552,16.24943733215332,22.18576431274414
1553,17.892261505126953,21.10685920715332
1554,11.839749336242676,28.283920288085938
1555,9.0278902053833,29.955387115478516
1556,10.670022010803223,27.740694046020508
1557,8.541776657104492,28.792259216308594
1558,8.541776657104492,28.792259216308594
1559,18.647418975830078,14.043315887451172
1560,15.725761413574219,22.556039810180664
1561,13.868586540222168,25.306421279907227
1562,13.567753791809082,26.608158111572266
1563,14.230754852294922,26.158992767333984
1564,16.264415740966797,24.488359451293945
1565,21.212520599365234,21.70085334777832
1566,12.709552764892578,11.178150177001953
1567,12.709552764892578,11.178150177001953
1568,21.4470272064209,19.915624618530273
1569,21.393835067749023,20.828771591186523
1570,19.82053565979004,22.305694580078125
1571,20.83271598815918,19.301313400268555
1572,14.321310043334961,11.973735809326172
1573,11.042916297912598,9.141219139099121
1574,10.026537895202637,8.12484073638916
1575,10.205236434936523,5.39230489730835
1576,12.168224334716797,28.105527877807617
1577,13.063422203063965,27.580608367919922
1578,13.780563354492188,26.02392578125
1579,19.908313751220703,19.02964210510254
1580,10.46678638458252,8.935383796691895
1581,12.914464950561523,27.273143768310547
1582,12.136157035827637,27.59746551513672
1583,12.691801071166992,28.23634147644043
1584,12.89358139038086,26.856477737426758
1585,15.639281272888184,14.760607719421387
1593,20.97578239440918,14.007650375366211
1594,21.438068389892578,13.681883811950684
1595,21.438068389892578,13.681883811950684
1596,22.58668327331543,16.40363311767578
1597,18.14381217956543,21.482391357421875
1598,14.532492637634277,9.69570255279541
1599,35.911956787109375,13.983919143676758
1600,34.8215217590332,17.015682220458984
1601,36.03593063354492,34.19998550415039
1602,30.250818252563477,34.56476974487305
1603,33.174217224121094,29.841157913208008
1604,30.13667106628418,32.580955505371094
1605,41.488258361816406,32.179725646972656
1606,34.52309799194336,10.246243476867676
1607,35.041770935058594,22.361282348632812
1608,30.326993942260742,43.033531188964844
1609,34.06003189086914,30.269010543823242
1610,34.13532638549805,34.386993408203125
1612,29.006113052368164,39.883243560791016
1613,32.74483108520508,46.73152160644531
1614,28.841150283813477,40.591163635253906
1615,34.322052001953125,35.49226760864258
1616,33.190582275390625,38.73543930053711
1617,29.509952545166016,38.36677551269531
1618,34.23237991333008,37.375892639160156
1619,33.34323501586914,12.035416603088379
1620,33.839752197265625,12.087383270263672
1621,35.083839416503906,14.650514602661133
1622,39.09246063232422,17.339759826660156
1623,43.00202178955078,27.496198654174805
1624,42.95494842529297,29.12385368347168
1625,34.40141677856445,12.912213325500488
1626,35.35105895996094,15.148016929626465
1627,34.389892578125,28.533498764038086
1628,36.307151794433594,32.62721633911133
1629,29.892261505126953,34.15353012084961
1630,31.3056640625,34.82637023925781
1631,41.30126190185547,31.202030181884766
1632,34.556087493896484,10.339158058166504
1633,34.52309799194336,10.246243476867676
1634,34.531700134277344,10.31021785736084
1635,34.4409294128418,11.014114379882812
1636,40.97408676147461,27.273332595825195
1637,35.38999938964844,17.663286209106445
1638,37.28034973144531,54.23180389404297
1639,38.59690856933594,55.252052307128906
1640,38.59690856933594,55.252052307128906
1641,37.1462287902832,51.152400970458984
1642,38.679161071777344,48.7193603515625
1643,37.53804016113281,50.75452423095703
1644,37.85954284667969,47.278221130371094
1645,37.85954284667969,47.278221130371094
1646,37.373531341552734,45.81543731689453
1647,36.67748260498047,44.44001007080078
1648,38.271141052246094,55.08800506591797
1649,38.950557708740234,55.01319122314453
1650,42.12052917480469,54.619781494140625
1651,44.21039581298828,55.52161407470703
1652,50.392757415771484,58.4920539855957
1653,50.17446517944336,58.70045471191406
1654,49.62851333618164,57.44651412963867
1655,51.900184631347656,59.20201110839844
1656,53.04483413696289,60.809906005859375
1657,52.24119567871094,59.961910247802734
1658,36.88703536987305,13.323583602905273
1659,36.55995559692383,19.154613494873047
1660,36.23419189453125,18.990707397460938
1661,38.81871032714844,22.976518630981445
1662,38.119747161865234,21.79360580444336
1663,38.484046936035156,21.978214263916016
1664,40.33591842651367,23.392419815063477
1665,41.864601135253906,22.767602920532227
1666,41.480247497558594,26.473602294921875
1667,39.37754821777344,26.1893310546875
1668,40.70228576660156,29.649311065673828
1669,41.360740661621094,29.193660736083984
1670,42.571231842041016,31.169761657714844
1671,43.73387145996094,34.804412841796875
1672,40.74153137207031,29.34006118774414
1673,45.267189025878906,38.30033493041992
1674,48.867889404296875,39.49869918823242
1675,50.075599670410156,43.25648498535156
1676,23.293060302734375,18.12169075012207
1677,22.469100952148438,18.858701705932617
1678,21.267770767211914,19.39748764038086
1679,24.2364501953125,21.237987518310547
1680,29.090097427368164,24.375530242919922
1681,24.563127517700195,18.91893196105957
1682,25.01694679260254,14.302947998046875
1683,28.22165870666504,17.97327995300293
1684,27.09354019165039,20.67780113220215
1685,26.76424789428711,19.317163467407227
1686,27.832435607910156,21.41669464111328
1687,26.422868728637695,18.675203323364258
1688,24.161571502685547,20.12023162841797
1689,23.68535614013672,19.532991409301758
1690,25.183338165283203,28.093355178833008
1691,23.895273208618164,30.129676818847656
1692,30.398115158081055,27.851028442382812
1693,25.91034698486328,16.65812873840332
1694,25.544654846191406,16.558639526367188
1695,24.271831512451172,15.217720031738281
1696,26.478769302368164,16.053585052490234
1697,27.061458587646484,16.926549911499023
1698,23.69829559326172,14.120025634765625
1699,22.727581024169922,14.75448989868164
1700,21.33587074279785,15.010775566101074
1701,26.30923843383789,14.713142395019531
1702,26.389934539794922,15.065302848815918
1703,26.038902282714844,13.91996955871582
1704,17.563507080078125,8.351990699768066
1705,18.657201766967773,7.2102766036987305
1706,19.597646713256836,9.64157772064209
1707,19.885122299194336,11.633865356445312
1708,17.755828857421875,9.248152732849121
1709,20.734981536865234,22.568809509277344
1710,22.53223419189453,29.87327766418457
1711,31.06443977355957,23.63304901123047
1712,29.285696029663086,27.174320220947266
1713,17.467426300048828,8.717823028564453
1714,17.674484252929688,6.7461676597595215
1715,18.25510597229004,8.63354206085205
1716,20.616601943969727,11.658154487609863
1717,19.188928604125977,11.133705139160156
1718,21.69933319091797,7.917384147644043
1719,21.334487915039062,9.354318618774414
1720,19.087427139282227,7.6537299156188965
1721,21.334487915039062,9.354318618774414
1722,23.32561683654785,12.24233627319336
1723,19.087427139282227,7.6537299156188965
1724,15.704906463623047,7.2397236824035645
1725,18.079071044921875,10.944381713867188
1726,16.54817008972168,9.541242599487305
1727,16.32786750793457,10.909187316894531
1728,26.444536209106445,10.779972076416016
1729,25.55406951904297,12.778045654296875
1730,24.73462677001953,17.87962532043457
1731,19.79263687133789,20.728792190551758
1732,32.303524017333984,10.483506202697754
1733,29.943927764892578,8.730157852172852
1734,26.444536209106445,10.779972076416016
1735,30.640796661376953,7.119484901428223
1736,22.743852615356445,12.098997116088867
1737,21.964048385620117,12.282599449157715
1738,22.01463508605957,12.741125106811523
1739,21.659109115600586,17.609222412109375
1740,20.380016326904297,22.570117950439453
1741,20.13151741027832,23.091337203979492
1742,19.788700103759766,25.16722297668457
1743,22.88654136657715,19.5074462890625
1744,30.640796661376953,7.119484901428223
1745,33.22201919555664,7.954278469085693
1746,20.972206115722656,20.683574676513672
1747,21.666913986206055,21.097091674804688
1748,23.138154983520508,19.157257080078125
1749,24.580751419067383,15.220795631408691
1750,24.698827743530273,14.149446487426758
1751,24.950450897216797,10.197769165039062
1752,24.4881649017334,10.296463966369629
1753,23.609968185424805,10.989925384521484
1754,23.609968185424805,10.989925384521484
1755,21.52883529663086,24.37481117248535
1756,21.52883529663086,24.37481117248535
1757,18.97109031677246,22.624277114868164
1758,24.15728187561035,27.51664161682129
1759,30.94506072998047,10.253002166748047
1760,25.388216018676758,14.833904266357422
1761,28.606433868408203,12.762104988098145
1762,28.454608917236328,13.5950927734375
1763,21.311058044433594,14.566337585449219
1764,19.112428665161133,15.331892967224121
1765,9.525298118591309,12.850342750549316
1766,29.367891311645508,10.050064086914062
1767,29.078250885009766,10.255820274353027
1768,24.615575790405273,10.61687183380127
1769,24.615575790405273,10.61687183380127
1770,24.292007446289062,10.053279876708984
1771,28.489730834960938,10.959351539611816
1772,31.071481704711914,10.06618881225586
1773,25.388216018676758,14.833904266357422
1774,26.52465057373047,14.482527732849121
1775,22.04877471923828,13.048389434814453
1776,19.112428665161133,15.331892967224121
1777,11.731866836547852,17.775775909423828
1778,18.078449249267578,12.86124324798584
1779,9.850730895996094,12.222953796386719
1780,10.121476173400879,12.026189804077148
1781,6.3496809005737305,13.90710735321045
1782,4.746264934539795,12.869449615478516
1783,1.1252870559692383,15.27314567565918
1784,6.9128570556640625,15.655921936035156
1785,15.914905548095703,21.754413604736328
1786,18.078449249267578,12.86124324798584
1787,9.850730895996094,12.222953796386719
1788,9.713732719421387,12.548720359802246
1789,7.773780345916748,15.030647277832031
1790,5.873745918273926,13.082935333251953
1791,3.1883230209350586,14.373760223388672
1792,2.4534363746643066,13.920173645019531
1793,15.292439460754395,22.021595001220703
1794,17.270328521728516,16.451763153076172
